{"AT31": 3.0238108586200987, "AT11": 3.212185, "AT22": 2.520362317661972, "AT12": 2.7532216866760413, "AT32": 3.135635514826434, "AT21": 2.483215189994792, "AT33": 2.484164572289474, "AT34": 2.8686600715844692, "AT13": 2.1169261903014704, "BE21": 1.896971781609195, "BE23": 1.789108552631579, "BE25": 1.9079791666666668, "BE24": 1.7829687499999998, "BE10": 1.7928921568627447, "BE22": 2.219708333333333, "BE33": 1.9884412037037036, "BE32": 1.9782190476190478, "BE35": 2.6375, "BE34": 2.798333333333333, "BG33": 2.179024166666667, "BG42": 2.252703472222222, "BG34": 1.8019951388888888, "BG41": 2.2331984374999996, "BG31": 2.0830885416666667, "BG32": 2.4603041666666665, "CH01": 3.8557212348484846, "CH05": 3.759626060606061, "CH02": 3.652276666666667, "CH04": 3.628116189715044, "CH06": 3.39199837594697, "CH03": 3.4411766666666663, "CH07": 3.451471111111111, "CY00": 4.012010707070707, "CZ01": 2.537065972222222, "CZ06": 2.4688692770773226, "CZ03": 3.046107954545455, "CZ05": 2.4046130952380955, "CZ04": 2.874895833333333, "CZ07": 2.679930555555556, "CZ02": 2.480291666666667, "CZ08": 2.554077380952381, "DE40": 2.8751604938271607, "DE30": 2.475650490196078, "DE12": 3.1658970454545456, "DE11": 3.3155976923076924, "DE14": 3.5832674242424245, "DE13": 3.263928712121212, "DE25": 3.203706228956229, "DE24": 2.763813582251082, "DE26": 3.5477000000000003, "DE27": 3.2879833754208754, "DE21": 3.616041161616161, "DE22": 2.8146789772727274, "DE23": 3.4984757575757577, "DE50": 2.4358572916666663, "DE71": 3.2237329710097686, "DE73": 3.268395517523485, "DE72": 2.9080030424519885, "DE60": 2.6811890625, "DE80": 2.74893112745098, "DE91": 2.8659420265151514, "DE94": 2.6285940023958334, "DE92": 2.5514307997916665, "DE93": 3.2935179377777772, "DEA3": 2.3998986458333333, "DEA5": 2.2644848484848485, "DEA1": 2.247788878348214, "DEA2": 2.186349642857143, "DEA4": 2.30134375, "DEB3": 2.749586354832778, "DEB1": 2.4911575339958336, "DEB2": 2.290131269933333, "DEF0": 2.8188539814814817, "DEC0": 2.2592023148148144, "DED4": 2.6692558333333327, "DED2": 3.0122413047138052, "DED5": 2.7440577777777775, "DEE0": 2.92154852519618, "DEG0": 3.3240111448582854, "DK02": 3.0660000000000003, "DK01": 2.4632, "DK04": 2.4356999999999998, "DK03": 3.5113333333333334, "DK05": 2.8874, "EE00": 2.7685115555555564, "ES42": 3.2045277777777774, "ES11": 1.8652445542046607, "ES53": 3.2022507002801124, "ES61": 2.7742106417906283, "ES12": 2.004954861111111, "ES51": 2.4110807398506022, "ES43": 3.371360416666666, "ES52": 2.8498312146892646, "ES41": 2.3692768817204297, "ES21": 1.9306567028985508, "ES30": 3.146668274489135, "ES62": 3.0859999999999994, "ES70": 2.4499489795918374, "ES13": 1.9123484848484844, "ES24": 2.574176664806547, "ES22": 2.0347083333333336, "ES23": 1.9925000000000002, "ES64": 2.84, "FI1C": 1.7206915360277777, "FI19": 1.9939893977511343, "FI1B": 2.1388141028425927, "FI1D": 1.7408093696015625, "FRF3": 1.9869470023788727, "FRL0": 2.85859586784803, "FR10": 2.214047101449275, "FRD2": 1.8193727775503084, "FRD1": 2.3971736111111106, "FRE1": 2.3316125000000003, "FRK1": 2.3921500000000004, "FRJ1": 2.5114656862745095, "FRI3": 2.3028236861301195, "FRJ2": 1.971700396825397, "FRF2": 2.1817604166666666, "FRK2": 2.8216550988094506, "FRF1": 2.2373925438596496, "FRE2": 2.3878106664657595, "FRH0": 2.186073503040132, "FRG0": 1.8693710544571627, "FRC1": 2.3514848484848483, "FRI1": 1.8502142857142858, "FRB0": 2.247719202898551, "FRI2": 2.0535379237422235, "FRY1": 1.6565666666666665, "FRY4": 1.7274175925925925, "FRY2": 2.1767380952380955, "FRY3": 1.4331250000000002, "FRM0": 2.7959761904761904, "FRY5": 3.3230625, "FRC2": 2.181223214285714, "EL30": 3.0354146571818985, "EL52": 2.50475, "EL64": 3.066666666666667, "HR02": 2.9169444444444443, "HR03": 2.262171875, "HR05": 2.5216666666666665, "HR06": 2.8687666666666667, "HU33": 3.49181453575, "HU11": 2.4546176149999996, "HU32": 2.1589123378124997, "HU22": 2.0015927171041668, "HU31": 2.07071768734375, "HU23": 2.692782275, "HU21": 2.9280161463636363, "HU12": 2.8508733, "IE05": 1.708824583333333, "IE06": 1.6619044527326312, "IE04": 1.9646583333333334, "IS00": 1.3237678008333336, "ITI1": 2.078400900900901, "ITH5": 2.7303333333333337, "ITI4": 1.9197798742138366, "ITC4": 2.643780999982058, "ITI3": 2.600390625, "ITC1": 2.654947841540514, "ITH1": 2.3347191132498506, "ITH2": 2.8908470238095236, "ITG1": 2.250534232720588, "ITH3": 2.960475724991853, "ITF3": 2.2861920983208552, "ITH4": 3.104751960784313, "ITC2": 3.0074766666666664, "ITI2": 1.7302982456140352, "ITF5": 2.735754358974359, "ITF1": 2.7249539390048296, "ITG2": 2.1694488124999998, "ITF4": 1.8467762264616487, "ITF6": 2.4735415867871398, "ITF2": 2.9680171966552735, "LT01": 2.063574750967708, "LT02": 2.4487664898871793, "LU00": 2.2227589453860643, "LV00": 2.2093096875, "MK00": 2.627961362884158, "MT00": 3.13499968, "NL32": 1.935268, "NL42": 2.4277441025641027, "NL41": 2.3518914215686273, "NL34": 2.6864, "NL33": 2.289301543209876, "NL23": 2.5536000000000003, "NL31": 2.654533333333333, "NL22": 2.4667198717948717, "NL21": 2.2846819444444444, "NL12": 2.6521, "NL13": 2.7284, "NL11": 2.481405555555556, "NO09": 1.6493602037515152, "NO08": 1.7114413368033217, "NO07": 1.6319037635892857, "NO0A": 1.8485795996719112, "NO0B": 2.296, "NO06": 1.6994837406770835, "NO02": 1.6879587141041668, "PL81": 2.3940294046223958, "PL51": 2.6637746666666673, "PL63": 2.368175810897436, "PL62": 2.5879842767857144, "PL22": 2.5083223971014483, "PL21": 2.2414337245370377, "PL92": 2.3284850444444443, "PL41": 2.4413865763888887, "PL61": 2.377032738095238, "PL71": 2.673810606060606, "PL91": 2.7920167751100333, "PL84": 2.065212962962963, "PL42": 2.413888240530303, "PL43": 2.399231891203703, "PL52": 2.258142740740741, "PL82": 2.5117807096354166, "PL72": 2.3245455254912377, "PT11": 2.0660999509771223, "PT16": 2.181583333333333, "PT17": 2.225535898169336, "PT18": 2.2899305555555554, "PT15": 2.4442395833333337, "PT30": 2.2860555555555555, "PT20": 3.0933333333333333, "RO32": 1.937552990896975, "RO11": 1.8087568436125, "RO41": 1.7422901526599996, "RO21": 2.1652044047736108, "RO12": 2.0267016829429023, "RO42": 1.672865765629737, "RO31": 1.7023127328308905, "RO22": 1.8397423781809934, "RS22": 1.7131005222222224, "RS11": 2.1334368866666664, "RS12": 2.0624010549999996, "RS21": 2.400327359375, "SE22": 2.0306680059523807, "SE11": 1.7946632692181372, "SE23": 1.783663825224032, "SE32": 1.7223836805555557, "SE33": 1.7682370000000003, "SE12": 1.763624608738426, "SE31": 1.457564470820833, "SE21": 1.7638277071902335, "SI03": 2.7641597222222223, "SI04": 3.0434142518939393, "SK01": 2.4738313888888888, "SK03": 2.5750485636549394, "SK04": 2.6285609068627447, "SK02": 2.6834876282051283, "AL01": 2.2185620000000004}